Epoch: 0, batch: 0, loss: 1.2555365562438965
Epoch: 0, batch: 1, loss: 1.2550512552261353
Epoch: 0, batch: 2, loss: 1.0481044054031372
Epoch: 0, batch: 3, loss: 0.885752260684967
Epoch: 0, batch: 4, loss: 0.8748282790184021
Epoch: 0, batch: 5, loss: 0.8013246059417725
Epoch: 0, batch: 6, loss: 0.7739530801773071
Epoch: 0, batch: 7, loss: 0.7534077763557434
Epoch: 0, batch: 8, loss: 0.725009560585022
Epoch: 0, batch: 9, loss: 0.6962924599647522
Epoch: 0, batch: 10, loss: 0.6912117004394531
Epoch: 0, batch: 11, loss: 0.6927983164787292
Epoch: 0, batch: 12, loss: 0.6761553883552551
Epoch: 0, batch: 13, loss: 0.6716674566268921
Epoch: 0, batch: 14, loss: 0.657448947429657
Epoch: 0, batch: 15, loss: 0.6444329023361206
Epoch: 0, batch: 16, loss: 0.6336056590080261
Epoch: 0, batch: 17, loss: 0.6186594367027283
Epoch: 0, batch: 18, loss: 0.6150965094566345
Epoch: 0, batch: 19, loss: 0.5959561467170715
Epoch: 0, batch: 20, loss: 0.5794976353645325
Epoch: 0, batch: 21, loss: 0.600141167640686
Epoch: 0, batch: 22, loss: 0.5792609453201294
Epoch: 0, batch: 23, loss: 0.5651782155036926
Epoch: 0, batch: 24, loss: 0.5351423621177673
Epoch: 0, batch: 25, loss: 0.5525803565979004
Epoch: 0, batch: 26, loss: 0.5473862886428833
Epoch: 0, batch: 27, loss: 0.5075786113739014
Epoch: 0, batch: 28, loss: 0.4895135164260864
Epoch: 0, batch: 29, loss: 0.4788263440132141
Epoch: 0, batch: 30, loss: 0.48288294672966003
Epoch: 0, batch: 31, loss: 0.48968246579170227
Epoch: 0, batch: 32, loss: 0.4683185815811157
Epoch: 0, batch: 33, loss: 0.44743287563323975
Epoch: 0, batch: 34, loss: 0.40656378865242004
Epoch: 0, batch: 35, loss: 0.43863245844841003
Epoch: 0, batch: 36, loss: 0.4601563513278961
Epoch: 0, batch: 37, loss: 0.40518492460250854
Epoch: 0, batch: 38, loss: 0.40016165375709534
Epoch: 0, batch: 39, loss: 0.40139082074165344
Epoch: 0, batch: 40, loss: 0.3671943247318268
Epoch: 0, batch: 41, loss: 0.37833231687545776
Epoch: 0, batch: 42, loss: 0.35604703426361084
Epoch: 0, batch: 43, loss: 0.3458503484725952
Epoch: 0, batch: 44, loss: 0.36468082666397095
Epoch: 0, batch: 45, loss: 0.36828696727752686
Epoch: 0, batch: 46, loss: 0.3221035599708557
Epoch: 0, batch: 47, loss: 0.29837697744369507
Epoch: 0, batch: 48, loss: 0.3150089383125305
Epoch: 0, batch: 49, loss: 0.29733067750930786
Epoch: 0, batch: 50, loss: 0.3144998252391815
Epoch: 0, batch: 51, loss: 0.2996046841144562
Epoch: 0, batch: 52, loss: 0.32260861992836
Epoch: 0, batch: 53, loss: 0.3260135352611542
Epoch: 0, batch: 54, loss: 0.2754650115966797
Epoch: 0, batch: 55, loss: 0.2528465986251831
Epoch: 0, batch: 56, loss: 0.22183716297149658
Epoch: 0, batch: 57, loss: 0.2640603482723236
Epoch: 1, batch: 0, loss: 0.2210206836462021
Epoch: 1, batch: 1, loss: 0.23025420308113098
Epoch: 1, batch: 2, loss: 0.2581665515899658
Epoch: 1, batch: 3, loss: 0.2517695128917694
Epoch: 1, batch: 4, loss: 0.21226884424686432
Epoch: 1, batch: 5, loss: 0.14211200177669525
Epoch: 1, batch: 6, loss: 0.25864332914352417
Epoch: 1, batch: 7, loss: 0.24067948758602142
Epoch: 1, batch: 8, loss: 0.18705256283283234
Epoch: 1, batch: 9, loss: 0.18139725923538208
Epoch: 1, batch: 10, loss: 0.287518173456192
Epoch: 1, batch: 11, loss: 0.3018447756767273
Epoch: 1, batch: 12, loss: 0.2109537124633789
Epoch: 1, batch: 13, loss: 0.23193933069705963
Epoch: 1, batch: 14, loss: 0.23470236361026764
Epoch: 1, batch: 15, loss: 0.24322019517421722
Epoch: 1, batch: 16, loss: 0.2047504484653473
Epoch: 1, batch: 17, loss: 0.19184745848178864
Epoch: 1, batch: 18, loss: 0.19781064987182617
Epoch: 1, batch: 19, loss: 0.18262292444705963
Epoch: 1, batch: 20, loss: 0.190693199634552
Epoch: 1, batch: 21, loss: 0.14570170640945435
Epoch: 1, batch: 22, loss: 0.16323347389698029
Epoch: 1, batch: 23, loss: 0.20236018300056458
Epoch: 1, batch: 24, loss: 0.20712794363498688
Epoch: 1, batch: 25, loss: 0.279339462518692
Epoch: 1, batch: 26, loss: 0.1844828575849533
Epoch: 1, batch: 27, loss: 0.20293036103248596
Epoch: 1, batch: 28, loss: 0.21772734820842743
Epoch: 1, batch: 29, loss: 0.15763694047927856
Epoch: 1, batch: 30, loss: 0.16608116030693054
Epoch: 1, batch: 31, loss: 0.20445141196250916
Epoch: 1, batch: 32, loss: 0.12694059312343597
Epoch: 1, batch: 33, loss: 0.23283597826957703
Epoch: 1, batch: 34, loss: 0.21176815032958984
Epoch: 1, batch: 35, loss: 0.1805366426706314
Epoch: 1, batch: 36, loss: 0.16296879947185516
Epoch: 1, batch: 37, loss: 0.17836272716522217
Epoch: 1, batch: 38, loss: 0.15782177448272705
Epoch: 1, batch: 39, loss: 0.1654798686504364
Epoch: 1, batch: 40, loss: 0.2287779599428177
Epoch: 1, batch: 41, loss: 0.15791712701320648
Epoch: 1, batch: 42, loss: 0.15526412427425385
Epoch: 1, batch: 43, loss: 0.21643036603927612
Epoch: 1, batch: 44, loss: 0.16785481572151184
Epoch: 1, batch: 45, loss: 0.16207392513751984
Epoch: 1, batch: 46, loss: 0.1451994776725769
Epoch: 1, batch: 47, loss: 0.1905970722436905
Epoch: 1, batch: 48, loss: 0.2094404250383377
Epoch: 1, batch: 49, loss: 0.14951685070991516
Epoch: 1, batch: 50, loss: 0.1630590707063675
Epoch: 1, batch: 51, loss: 0.1517852246761322
Epoch: 1, batch: 52, loss: 0.15799309313297272
Epoch: 1, batch: 53, loss: 0.15396229922771454
Epoch: 1, batch: 54, loss: 0.17732101678848267
Epoch: 1, batch: 55, loss: 0.22157292068004608
Epoch: 1, batch: 56, loss: 0.1987135112285614
Epoch: 1, batch: 57, loss: 0.11051826924085617
Epoch: 2, batch: 0, loss: 0.16890199482440948
Epoch: 2, batch: 1, loss: 0.2324560582637787
Epoch: 2, batch: 2, loss: 0.12785443663597107
Epoch: 2, batch: 3, loss: 0.156906858086586
Epoch: 2, batch: 4, loss: 0.14096084237098694
Epoch: 2, batch: 5, loss: 0.15902897715568542
Epoch: 2, batch: 6, loss: 0.15340885519981384
Epoch: 2, batch: 7, loss: 0.12613266706466675
Epoch: 2, batch: 8, loss: 0.1169435977935791
Epoch: 2, batch: 9, loss: 0.13783732056617737
Epoch: 2, batch: 10, loss: 0.1401456743478775
Epoch: 2, batch: 11, loss: 0.14420965313911438
Epoch: 2, batch: 12, loss: 0.2370370328426361
Epoch: 2, batch: 13, loss: 0.16110661625862122
Epoch: 2, batch: 14, loss: 0.14827017486095428
Epoch: 2, batch: 15, loss: 0.1685323566198349
Epoch: 2, batch: 16, loss: 0.16538192331790924
Epoch: 2, batch: 17, loss: 0.18654806911945343
Epoch: 2, batch: 18, loss: 0.18296951055526733
Epoch: 2, batch: 19, loss: 0.15039916336536407
Epoch: 2, batch: 20, loss: 0.16554848849773407
Epoch: 2, batch: 21, loss: 0.13086973130702972
Epoch: 2, batch: 22, loss: 0.13864383101463318
Epoch: 2, batch: 23, loss: 0.1288064867258072
Epoch: 2, batch: 24, loss: 0.13383300602436066
Epoch: 2, batch: 25, loss: 0.10890273749828339
Epoch: 2, batch: 26, loss: 0.1413983255624771
Epoch: 2, batch: 27, loss: 0.10265648365020752
Epoch: 2, batch: 28, loss: 0.160160094499588
Epoch: 2, batch: 29, loss: 0.12173061072826385
Epoch: 2, batch: 30, loss: 0.13083839416503906
Epoch: 2, batch: 31, loss: 0.19753754138946533
Epoch: 2, batch: 32, loss: 0.19133968651294708
Epoch: 2, batch: 33, loss: 0.10688156634569168
Epoch: 2, batch: 34, loss: 0.15493954718112946
Epoch: 2, batch: 35, loss: 0.12939505279064178
Epoch: 2, batch: 36, loss: 0.14397087693214417
Epoch: 2, batch: 37, loss: 0.13709506392478943
Epoch: 2, batch: 38, loss: 0.10723262280225754
Epoch: 2, batch: 39, loss: 0.1547875553369522
Epoch: 2, batch: 40, loss: 0.1906740665435791
Epoch: 2, batch: 41, loss: 0.13178111612796783
Epoch: 2, batch: 42, loss: 0.15816240012645721
Epoch: 2, batch: 43, loss: 0.15222927927970886
Epoch: 2, batch: 44, loss: 0.10922519117593765
Epoch: 2, batch: 45, loss: 0.1476435363292694
Epoch: 2, batch: 46, loss: 0.12597554922103882
Epoch: 2, batch: 47, loss: 0.17618361115455627
Epoch: 2, batch: 48, loss: 0.14238667488098145
Epoch: 2, batch: 49, loss: 0.15840375423431396
Epoch: 2, batch: 50, loss: 0.12520107626914978
Epoch: 2, batch: 51, loss: 0.12112926691770554
Epoch: 2, batch: 52, loss: 0.1123284101486206
Epoch: 2, batch: 53, loss: 0.12591342628002167
Epoch: 2, batch: 54, loss: 0.10233496874570847
Epoch: 2, batch: 55, loss: 0.1377391368150711
Epoch: 2, batch: 56, loss: 0.12177575379610062
Epoch: 2, batch: 57, loss: 0.10435403138399124
Epoch: 3, batch: 0, loss: 0.11488040536642075
Epoch: 3, batch: 1, loss: 0.11066117882728577
Epoch: 3, batch: 2, loss: 0.11900966614484787
Epoch: 3, batch: 3, loss: 0.10123826563358307
Epoch: 3, batch: 4, loss: 0.11884278804063797
Epoch: 3, batch: 5, loss: 0.15237656235694885
Epoch: 3, batch: 6, loss: 0.12130281329154968
Epoch: 3, batch: 7, loss: 0.13156192004680634
Epoch: 3, batch: 8, loss: 0.2248706966638565
Epoch: 3, batch: 9, loss: 0.13399572670459747
Epoch: 3, batch: 10, loss: 0.1411622166633606
Epoch: 3, batch: 11, loss: 0.13433338701725006
Epoch: 3, batch: 12, loss: 0.12552091479301453
Epoch: 3, batch: 13, loss: 0.11048202216625214
Epoch: 3, batch: 14, loss: 0.09761554002761841
Epoch: 3, batch: 15, loss: 0.1117086261510849
Epoch: 3, batch: 16, loss: 0.13235516846179962
Epoch: 3, batch: 17, loss: 0.10073322057723999
Epoch: 3, batch: 18, loss: 0.08839798718690872
Epoch: 3, batch: 19, loss: 0.1284792572259903
Epoch: 3, batch: 20, loss: 0.06936831027269363
Epoch: 3, batch: 21, loss: 0.0946623906493187
Epoch: 3, batch: 22, loss: 0.18749196827411652
Epoch: 3, batch: 23, loss: 0.14008481800556183
Epoch: 3, batch: 24, loss: 0.12107475847005844
Epoch: 3, batch: 25, loss: 0.18090775609016418
Epoch: 3, batch: 26, loss: 0.14002418518066406
Epoch: 3, batch: 27, loss: 0.13451115787029266
Epoch: 3, batch: 28, loss: 0.15039780735969543
Epoch: 3, batch: 29, loss: 0.16081160306930542
Epoch: 3, batch: 30, loss: 0.10849714279174805
Epoch: 3, batch: 31, loss: 0.13188406825065613
Epoch: 3, batch: 32, loss: 0.17045004665851593
Epoch: 3, batch: 33, loss: 0.131361186504364
Epoch: 3, batch: 34, loss: 0.11865707486867905
Epoch: 3, batch: 35, loss: 0.09485746175050735
Epoch: 3, batch: 36, loss: 0.18967925012111664
Epoch: 3, batch: 37, loss: 0.09543543308973312
Epoch: 3, batch: 38, loss: 0.15394841134548187
Epoch: 3, batch: 39, loss: 0.08629734069108963
Epoch: 3, batch: 40, loss: 0.1357998251914978
Epoch: 3, batch: 41, loss: 0.1370854377746582
Epoch: 3, batch: 42, loss: 0.12285672128200531
Epoch: 3, batch: 43, loss: 0.11233355104923248
Epoch: 3, batch: 44, loss: 0.17657870054244995
Epoch: 3, batch: 45, loss: 0.12505221366882324
Epoch: 3, batch: 46, loss: 0.1499800980091095
Epoch: 3, batch: 47, loss: 0.09761147201061249
Epoch: 3, batch: 48, loss: 0.13335643708705902
Epoch: 3, batch: 49, loss: 0.15464754402637482
Epoch: 3, batch: 50, loss: 0.13517005741596222
Epoch: 3, batch: 51, loss: 0.09621967375278473
Epoch: 3, batch: 52, loss: 0.0715835765004158
Epoch: 3, batch: 53, loss: 0.11555939167737961
Epoch: 3, batch: 54, loss: 0.09851057082414627
Epoch: 3, batch: 55, loss: 0.06717051565647125
Epoch: 3, batch: 56, loss: 0.13721898198127747
Epoch: 3, batch: 57, loss: 0.07281588017940521
Epoch: 4, batch: 0, loss: 0.08895547688007355
Epoch: 4, batch: 1, loss: 0.07883463054895401
Epoch: 4, batch: 2, loss: 0.14567390084266663
Epoch: 4, batch: 3, loss: 0.10517530143260956
Epoch: 4, batch: 4, loss: 0.1089477390050888
Epoch: 4, batch: 5, loss: 0.08050850033760071
Epoch: 4, batch: 6, loss: 0.10555937141180038
Epoch: 4, batch: 7, loss: 0.11469598114490509
Epoch: 4, batch: 8, loss: 0.11436811089515686
Epoch: 4, batch: 9, loss: 0.09886101633310318
Epoch: 4, batch: 10, loss: 0.09414037317037582
Epoch: 4, batch: 11, loss: 0.0873696580529213
Epoch: 4, batch: 12, loss: 0.09140173345804214
Epoch: 4, batch: 13, loss: 0.10973018407821655
Epoch: 4, batch: 14, loss: 0.10407015681266785
Epoch: 4, batch: 15, loss: 0.10133607685565948
Epoch: 4, batch: 16, loss: 0.13038669526576996
Epoch: 4, batch: 17, loss: 0.09497253596782684
Epoch: 4, batch: 18, loss: 0.20663490891456604
Epoch: 4, batch: 19, loss: 0.11763493716716766
Epoch: 4, batch: 20, loss: 0.10564596951007843
Epoch: 4, batch: 21, loss: 0.11088179051876068
Epoch: 4, batch: 22, loss: 0.06271030008792877
Epoch: 4, batch: 23, loss: 0.10454642027616501
Epoch: 4, batch: 24, loss: 0.09569842368364334
Epoch: 4, batch: 25, loss: 0.0854220762848854
Epoch: 4, batch: 26, loss: 0.13933387398719788
Epoch: 4, batch: 27, loss: 0.1341332495212555
Epoch: 4, batch: 28, loss: 0.07627006620168686
Epoch: 4, batch: 29, loss: 0.09205615520477295
Epoch: 4, batch: 30, loss: 0.08263912051916122
Epoch: 4, batch: 31, loss: 0.07279743999242783
Epoch: 4, batch: 32, loss: 0.14992758631706238
Epoch: 4, batch: 33, loss: 0.0711783915758133
Epoch: 4, batch: 34, loss: 0.11712512373924255
Epoch: 4, batch: 35, loss: 0.06718564033508301
Epoch: 4, batch: 36, loss: 0.07730259746313095
Epoch: 4, batch: 37, loss: 0.07376240193843842
Epoch: 4, batch: 38, loss: 0.05736756697297096
Epoch: 4, batch: 39, loss: 0.10215093195438385
Epoch: 4, batch: 40, loss: 0.11391690373420715
Epoch: 4, batch: 41, loss: 0.094690702855587
Epoch: 4, batch: 42, loss: 0.10552000999450684
Epoch: 4, batch: 43, loss: 0.11059647053480148
Epoch: 4, batch: 44, loss: 0.12711229920387268
Epoch: 4, batch: 45, loss: 0.08797375857830048
Epoch: 4, batch: 46, loss: 0.1094820499420166
Epoch: 4, batch: 47, loss: 0.0997844859957695
Epoch: 4, batch: 48, loss: 0.08729720860719681
Epoch: 4, batch: 49, loss: 0.12739956378936768
Epoch: 4, batch: 50, loss: 0.09111526608467102
Epoch: 4, batch: 51, loss: 0.0889364555478096
Epoch: 4, batch: 52, loss: 0.1583438515663147
Epoch: 4, batch: 53, loss: 0.090239018201828
Epoch: 4, batch: 54, loss: 0.12184544652700424
Epoch: 4, batch: 55, loss: 0.08374371379613876
Epoch: 4, batch: 56, loss: 0.05392194166779518
Epoch: 4, batch: 57, loss: 0.1215072050690651
Epoch: 5, batch: 0, loss: 0.15054307878017426
Epoch: 5, batch: 1, loss: 0.10567363351583481
Epoch: 5, batch: 2, loss: 0.0682731494307518
Epoch: 5, batch: 3, loss: 0.1315765231847763
Epoch: 5, batch: 4, loss: 0.16592131555080414
Epoch: 5, batch: 5, loss: 0.07088443636894226
Epoch: 5, batch: 6, loss: 0.09017011523246765
Epoch: 5, batch: 7, loss: 0.10029799491167068
Epoch: 5, batch: 8, loss: 0.07114354521036148
Epoch: 5, batch: 9, loss: 0.0796879380941391
Epoch: 5, batch: 10, loss: 0.06768504530191422
Epoch: 5, batch: 11, loss: 0.08878818154335022
Epoch: 5, batch: 12, loss: 0.11794528365135193
Epoch: 5, batch: 13, loss: 0.0944497287273407
Epoch: 5, batch: 14, loss: 0.11088168621063232
Epoch: 5, batch: 15, loss: 0.12736694514751434
Epoch: 5, batch: 16, loss: 0.08058132231235504
Epoch: 5, batch: 17, loss: 0.10468518733978271
Epoch: 5, batch: 18, loss: 0.10644526779651642
Epoch: 5, batch: 19, loss: 0.10878977179527283
Epoch: 5, batch: 20, loss: 0.08713389933109283
Epoch: 5, batch: 21, loss: 0.11435674875974655
Epoch: 5, batch: 22, loss: 0.08654537051916122
Epoch: 5, batch: 23, loss: 0.09579800069332123
Epoch: 5, batch: 24, loss: 0.10371072590351105
Epoch: 5, batch: 25, loss: 0.10701005160808563
Epoch: 5, batch: 26, loss: 0.07453209906816483
Epoch: 5, batch: 27, loss: 0.07052117586135864
Epoch: 5, batch: 28, loss: 0.12208415567874908
Epoch: 5, batch: 29, loss: 0.11180281639099121
Epoch: 5, batch: 30, loss: 0.0812794417142868
Epoch: 5, batch: 31, loss: 0.10629502683877945
Epoch: 5, batch: 32, loss: 0.13896290957927704
Epoch: 5, batch: 33, loss: 0.08751637488603592
Epoch: 5, batch: 34, loss: 0.05989799648523331
Epoch: 5, batch: 35, loss: 0.11657418310642242
Epoch: 5, batch: 36, loss: 0.08373560011386871
Epoch: 5, batch: 37, loss: 0.06889668107032776
Epoch: 5, batch: 38, loss: 0.08751634508371353
Epoch: 5, batch: 39, loss: 0.07965362817049026
Epoch: 5, batch: 40, loss: 0.08835594356060028
Epoch: 5, batch: 41, loss: 0.09161638468503952
Epoch: 5, batch: 42, loss: 0.0920042097568512
Epoch: 5, batch: 43, loss: 0.10723204910755157
Epoch: 5, batch: 44, loss: 0.09668078273534775
Epoch: 5, batch: 45, loss: 0.06284618377685547
Epoch: 5, batch: 46, loss: 0.07811232656240463
Epoch: 5, batch: 47, loss: 0.07882792502641678
Epoch: 5, batch: 48, loss: 0.056650228798389435
Epoch: 5, batch: 49, loss: 0.0760698989033699
Epoch: 5, batch: 50, loss: 0.06668680161237717
Epoch: 5, batch: 51, loss: 0.060974910855293274
Epoch: 5, batch: 52, loss: 0.09371474385261536
Epoch: 5, batch: 53, loss: 0.09314481168985367
Epoch: 5, batch: 54, loss: 0.10652729868888855
Epoch: 5, batch: 55, loss: 0.08503592759370804
Epoch: 5, batch: 56, loss: 0.10299061238765717
Epoch: 5, batch: 57, loss: 0.12961317598819733
Epoch: 6, batch: 0, loss: 0.06359738856554031
Epoch: 6, batch: 1, loss: 0.07314673811197281
Epoch: 6, batch: 2, loss: 0.09250707924365997
Epoch: 6, batch: 3, loss: 0.10747155547142029
Epoch: 6, batch: 4, loss: 0.08400707691907883
Epoch: 6, batch: 5, loss: 0.10878464579582214
Epoch: 6, batch: 6, loss: 0.09491213411092758
Epoch: 6, batch: 7, loss: 0.09373205155134201
Epoch: 6, batch: 8, loss: 0.1145537942647934
Epoch: 6, batch: 9, loss: 0.08900778740644455
Epoch: 6, batch: 10, loss: 0.057361576706171036
Epoch: 6, batch: 11, loss: 0.09777277708053589
Epoch: 6, batch: 12, loss: 0.10718833655118942
Epoch: 6, batch: 13, loss: 0.08770180493593216
Epoch: 6, batch: 14, loss: 0.04695490747690201
Epoch: 6, batch: 15, loss: 0.07961226254701614
Epoch: 6, batch: 16, loss: 0.09419061988592148
Epoch: 6, batch: 17, loss: 0.08820989727973938
Epoch: 6, batch: 18, loss: 0.07357650995254517
Epoch: 6, batch: 19, loss: 0.09540324658155441
Epoch: 6, batch: 20, loss: 0.06923989951610565
Epoch: 6, batch: 21, loss: 0.05737437680363655
Epoch: 6, batch: 22, loss: 0.05944571644067764
Epoch: 6, batch: 23, loss: 0.09786409884691238
Epoch: 6, batch: 24, loss: 0.07260707765817642
Epoch: 6, batch: 25, loss: 0.044022444635629654
Epoch: 6, batch: 26, loss: 0.09827093780040741
Epoch: 6, batch: 27, loss: 0.12422040849924088
Epoch: 6, batch: 28, loss: 0.1182791218161583
Epoch: 6, batch: 29, loss: 0.11727245897054672
Epoch: 6, batch: 30, loss: 0.0912506952881813
Epoch: 6, batch: 31, loss: 0.06221449002623558
Epoch: 6, batch: 32, loss: 0.0806289091706276
Epoch: 6, batch: 33, loss: 0.0808037593960762
Epoch: 6, batch: 34, loss: 0.0710807517170906
Epoch: 6, batch: 35, loss: 0.08908718824386597
Epoch: 6, batch: 36, loss: 0.05624298378825188
Epoch: 6, batch: 37, loss: 0.09200280904769897
Epoch: 6, batch: 38, loss: 0.049634382128715515
Epoch: 6, batch: 39, loss: 0.08915381878614426
Epoch: 6, batch: 40, loss: 0.09714264422655106
Epoch: 6, batch: 41, loss: 0.06834080070257187
Epoch: 6, batch: 42, loss: 0.0946308821439743
Epoch: 6, batch: 43, loss: 0.05672680586576462
Epoch: 6, batch: 44, loss: 0.0765773206949234
Epoch: 6, batch: 45, loss: 0.06627699732780457
Epoch: 6, batch: 46, loss: 0.059124987572431564
Epoch: 6, batch: 47, loss: 0.07474909722805023
Epoch: 6, batch: 48, loss: 0.058173470199108124
Epoch: 6, batch: 49, loss: 0.05548398569226265
Epoch: 6, batch: 50, loss: 0.08083529025316238
Epoch: 6, batch: 51, loss: 0.12298884987831116
Epoch: 6, batch: 52, loss: 0.09292373806238174
Epoch: 6, batch: 53, loss: 0.10000137984752655
Epoch: 6, batch: 54, loss: 0.05914027616381645
Epoch: 6, batch: 55, loss: 0.06628691405057907
Epoch: 6, batch: 56, loss: 0.1144963726401329
Epoch: 6, batch: 57, loss: 0.09376826882362366
Epoch: 7, batch: 0, loss: 0.08296523243188858
Epoch: 7, batch: 1, loss: 0.06037485599517822
Epoch: 7, batch: 2, loss: 0.12040998786687851
Epoch: 7, batch: 3, loss: 0.0687408596277237
Epoch: 7, batch: 4, loss: 0.0716797262430191
Epoch: 7, batch: 5, loss: 0.06323900073766708
Epoch: 7, batch: 6, loss: 0.056512847542762756
Epoch: 7, batch: 7, loss: 0.06485363095998764
Epoch: 7, batch: 8, loss: 0.071199931204319
Epoch: 7, batch: 9, loss: 0.06557709723711014
Epoch: 7, batch: 10, loss: 0.08686304092407227
Epoch: 7, batch: 11, loss: 0.0977073386311531
Epoch: 7, batch: 12, loss: 0.0716637372970581
Epoch: 7, batch: 13, loss: 0.08678913861513138
Epoch: 7, batch: 14, loss: 0.04360872134566307
Epoch: 7, batch: 15, loss: 0.11888204514980316
Epoch: 7, batch: 16, loss: 0.05864293500781059
Epoch: 7, batch: 17, loss: 0.050894595682621
Epoch: 7, batch: 18, loss: 0.05505799874663353
Epoch: 7, batch: 19, loss: 0.08130598068237305
Epoch: 7, batch: 20, loss: 0.05753323435783386
Epoch: 7, batch: 21, loss: 0.10828211903572083
Epoch: 7, batch: 22, loss: 0.07641562074422836
Epoch: 7, batch: 23, loss: 0.06826220452785492
Epoch: 7, batch: 24, loss: 0.05996480584144592
Epoch: 7, batch: 25, loss: 0.11075463145971298
Epoch: 7, batch: 26, loss: 0.061979297548532486
Epoch: 7, batch: 27, loss: 0.06547645479440689
Epoch: 7, batch: 28, loss: 0.10394833981990814
Epoch: 7, batch: 29, loss: 0.07324656844139099
Epoch: 7, batch: 30, loss: 0.05922350287437439
Epoch: 7, batch: 31, loss: 0.062139738351106644
Epoch: 7, batch: 32, loss: 0.06781338155269623
Epoch: 7, batch: 33, loss: 0.09224838018417358
Epoch: 7, batch: 34, loss: 0.07425529509782791
Epoch: 7, batch: 35, loss: 0.09810817241668701
Epoch: 7, batch: 36, loss: 0.06303185224533081
Epoch: 7, batch: 37, loss: 0.07319995015859604
Epoch: 7, batch: 38, loss: 0.06377433985471725
Epoch: 7, batch: 39, loss: 0.12053169310092926
Epoch: 7, batch: 40, loss: 0.0573749877512455
Epoch: 7, batch: 41, loss: 0.10204087942838669
Epoch: 7, batch: 42, loss: 0.08811654150485992
Epoch: 7, batch: 43, loss: 0.07113141566514969
Epoch: 7, batch: 44, loss: 0.06498482823371887
Epoch: 7, batch: 45, loss: 0.0963459461927414
Epoch: 7, batch: 46, loss: 0.0456559844315052
Epoch: 7, batch: 47, loss: 0.0575425885617733
Epoch: 7, batch: 48, loss: 0.06013893336057663
Epoch: 7, batch: 49, loss: 0.08659655600786209
Epoch: 7, batch: 50, loss: 0.08089441061019897
Epoch: 7, batch: 51, loss: 0.06479774415493011
Epoch: 7, batch: 52, loss: 0.08548101782798767
Epoch: 7, batch: 53, loss: 0.08016476780176163
Epoch: 7, batch: 54, loss: 0.07753495126962662
Epoch: 7, batch: 55, loss: 0.06528762727975845
Epoch: 7, batch: 56, loss: 0.05033407360315323
Epoch: 7, batch: 57, loss: 0.07364341616630554
Epoch: 8, batch: 0, loss: 0.08247049152851105
Epoch: 8, batch: 1, loss: 0.10403173416852951
Epoch: 8, batch: 2, loss: 0.08205009996891022
Epoch: 8, batch: 3, loss: 0.05265262350440025
Epoch: 8, batch: 4, loss: 0.08675999939441681
Epoch: 8, batch: 5, loss: 0.08777446299791336
Epoch: 8, batch: 6, loss: 0.09493006020784378
Epoch: 8, batch: 7, loss: 0.05235844478011131
Epoch: 8, batch: 8, loss: 0.09845234453678131
Epoch: 8, batch: 9, loss: 0.12074649333953857
Epoch: 8, batch: 10, loss: 0.0804661437869072
Epoch: 8, batch: 11, loss: 0.09503461420536041
Epoch: 8, batch: 12, loss: 0.07673057913780212
Epoch: 8, batch: 13, loss: 0.08908107131719589
Epoch: 8, batch: 14, loss: 0.04925313964486122
Epoch: 8, batch: 15, loss: 0.07991726696491241
Epoch: 8, batch: 16, loss: 0.0698455274105072
Epoch: 8, batch: 17, loss: 0.05780330300331116
Epoch: 8, batch: 18, loss: 0.049845948815345764
Epoch: 8, batch: 19, loss: 0.045314937829971313
Epoch: 8, batch: 20, loss: 0.07325303554534912
Epoch: 8, batch: 21, loss: 0.0750049501657486
Epoch: 8, batch: 22, loss: 0.07298929989337921
Epoch: 8, batch: 23, loss: 0.07519129663705826
Epoch: 8, batch: 24, loss: 0.06610670685768127
Epoch: 8, batch: 25, loss: 0.10403215885162354
Epoch: 8, batch: 26, loss: 0.053504012525081635
Epoch: 8, batch: 27, loss: 0.04613352194428444
Epoch: 8, batch: 28, loss: 0.040288958698511124
Epoch: 8, batch: 29, loss: 0.06989195197820663
Epoch: 8, batch: 30, loss: 0.07654967904090881
Epoch: 8, batch: 31, loss: 0.056829795241355896
Epoch: 8, batch: 32, loss: 0.08823475986719131
Epoch: 8, batch: 33, loss: 0.10203416645526886
Epoch: 8, batch: 34, loss: 0.0509604886174202
Epoch: 8, batch: 35, loss: 0.07354149967432022
Epoch: 8, batch: 36, loss: 0.04848994314670563
Epoch: 8, batch: 37, loss: 0.0465519092977047
Epoch: 8, batch: 38, loss: 0.04175825044512749
Epoch: 8, batch: 39, loss: 0.06361745297908783
Epoch: 8, batch: 40, loss: 0.05766918882727623
Epoch: 8, batch: 41, loss: 0.04901450499892235
Epoch: 8, batch: 42, loss: 0.0423070453107357
Epoch: 8, batch: 43, loss: 0.06602028012275696
Epoch: 8, batch: 44, loss: 0.08557567745447159
Epoch: 8, batch: 45, loss: 0.08718107640743256
Epoch: 8, batch: 46, loss: 0.036708299070596695
Epoch: 8, batch: 47, loss: 0.04148844629526138
Epoch: 8, batch: 48, loss: 0.07250797748565674
Epoch: 8, batch: 49, loss: 0.09693268686532974
Epoch: 8, batch: 50, loss: 0.07591324299573898
Epoch: 8, batch: 51, loss: 0.044738251715898514
Epoch: 8, batch: 52, loss: 0.07279138267040253
Epoch: 8, batch: 53, loss: 0.08810119330883026
Epoch: 8, batch: 54, loss: 0.057007789611816406
Epoch: 8, batch: 55, loss: 0.07440029829740524
Epoch: 8, batch: 56, loss: 0.05195210129022598
Epoch: 8, batch: 57, loss: 0.08324462920427322
Epoch: 9, batch: 0, loss: 0.061749182641506195
Epoch: 9, batch: 1, loss: 0.06537911295890808
Epoch: 9, batch: 2, loss: 0.04129423573613167
Epoch: 9, batch: 3, loss: 0.10595546662807465
Epoch: 9, batch: 4, loss: 0.07869447022676468
Epoch: 9, batch: 5, loss: 0.05191827192902565
Epoch: 9, batch: 6, loss: 0.10156971216201782
Epoch: 9, batch: 7, loss: 0.06846696883440018
Epoch: 9, batch: 8, loss: 0.07992681115865707
Epoch: 9, batch: 9, loss: 0.050742171704769135
Epoch: 9, batch: 10, loss: 0.07506326586008072
Epoch: 9, batch: 11, loss: 0.06859941780567169
Epoch: 9, batch: 12, loss: 0.055409207940101624
Epoch: 9, batch: 13, loss: 0.08946161717176437
Epoch: 9, batch: 14, loss: 0.08196520060300827
Epoch: 9, batch: 15, loss: 0.05632825195789337
Epoch: 9, batch: 16, loss: 0.05486222729086876
Epoch: 9, batch: 17, loss: 0.06475687026977539
Epoch: 9, batch: 18, loss: 0.05758827552199364
Epoch: 9, batch: 19, loss: 0.03080814518034458
Epoch: 9, batch: 20, loss: 0.06681720912456512
Epoch: 9, batch: 21, loss: 0.059450648725032806
Epoch: 9, batch: 22, loss: 0.05535339564085007
Epoch: 9, batch: 23, loss: 0.08728442341089249
Epoch: 9, batch: 24, loss: 0.04393886774778366
Epoch: 9, batch: 25, loss: 0.07077816873788834
Epoch: 9, batch: 26, loss: 0.04992673546075821
Epoch: 9, batch: 27, loss: 0.06817271560430527
Epoch: 9, batch: 28, loss: 0.09124701470136642
Epoch: 9, batch: 29, loss: 0.08398447185754776
Epoch: 9, batch: 30, loss: 0.06437724083662033
Epoch: 9, batch: 31, loss: 0.10268723964691162
Epoch: 9, batch: 32, loss: 0.1014329344034195
Epoch: 9, batch: 33, loss: 0.05726475268602371
Epoch: 9, batch: 34, loss: 0.06703782081604004
Epoch: 9, batch: 35, loss: 0.06630406528711319
Epoch: 9, batch: 36, loss: 0.07884934544563293
Epoch: 9, batch: 37, loss: 0.05330631509423256
Epoch: 9, batch: 38, loss: 0.0637621134519577
Epoch: 9, batch: 39, loss: 0.06631901860237122
Epoch: 9, batch: 40, loss: 0.06043108552694321
Epoch: 9, batch: 41, loss: 0.09900514036417007
Epoch: 9, batch: 42, loss: 0.04976899176836014
Epoch: 9, batch: 43, loss: 0.06998177617788315
Epoch: 9, batch: 44, loss: 0.0590219683945179
Epoch: 9, batch: 45, loss: 0.058912359178066254
Epoch: 9, batch: 46, loss: 0.0634620189666748
Epoch: 9, batch: 47, loss: 0.04455777257680893
Epoch: 9, batch: 48, loss: 0.07046622037887573
Epoch: 9, batch: 49, loss: 0.05656354874372482
Epoch: 9, batch: 50, loss: 0.06677092611789703
Epoch: 9, batch: 51, loss: 0.06266418844461441
Epoch: 9, batch: 52, loss: 0.07220793515443802
Epoch: 9, batch: 53, loss: 0.07938146591186523
Epoch: 9, batch: 54, loss: 0.06319701671600342
Epoch: 9, batch: 55, loss: 0.09539409726858139
Epoch: 9, batch: 56, loss: 0.046846725046634674
Epoch: 9, batch: 57, loss: 0.05168718099594116
Epoch: 10, batch: 0, loss: 0.07922825217247009
Epoch: 10, batch: 1, loss: 0.05093368887901306
Epoch: 10, batch: 2, loss: 0.05499575659632683
Epoch: 10, batch: 3, loss: 0.07744219899177551
Epoch: 10, batch: 4, loss: 0.05459519103169441
Epoch: 10, batch: 5, loss: 0.07764806598424911
Epoch: 10, batch: 6, loss: 0.06710223108530045
Epoch: 10, batch: 7, loss: 0.06614658236503601
Epoch: 10, batch: 8, loss: 0.0668121874332428
Epoch: 10, batch: 9, loss: 0.08058279752731323
Epoch: 10, batch: 10, loss: 0.04567573592066765
Epoch: 10, batch: 11, loss: 0.04984711483120918
Epoch: 10, batch: 12, loss: 0.06360818445682526
Epoch: 10, batch: 13, loss: 0.057698264718055725
Epoch: 10, batch: 14, loss: 0.06047731637954712
Epoch: 10, batch: 15, loss: 0.05845079943537712
Epoch: 10, batch: 16, loss: 0.07312195003032684
Epoch: 10, batch: 17, loss: 0.04337671399116516
Epoch: 10, batch: 18, loss: 0.056950557976961136
Epoch: 10, batch: 19, loss: 0.033823564648628235
Epoch: 10, batch: 20, loss: 0.06344173103570938
Epoch: 10, batch: 21, loss: 0.06523645669221878
Epoch: 10, batch: 22, loss: 0.05826440453529358
Epoch: 10, batch: 23, loss: 0.06408952921628952
Epoch: 10, batch: 24, loss: 0.06393817067146301
Epoch: 10, batch: 25, loss: 0.06732017546892166
Epoch: 10, batch: 26, loss: 0.05879746004939079
Epoch: 10, batch: 27, loss: 0.0653693750500679
Epoch: 10, batch: 28, loss: 0.033749137073755264
Epoch: 10, batch: 29, loss: 0.057034820318222046
Epoch: 10, batch: 30, loss: 0.08019570261240005
Epoch: 10, batch: 31, loss: 0.04952508211135864
Epoch: 10, batch: 32, loss: 0.12076464295387268
Epoch: 10, batch: 33, loss: 0.04498719051480293
Epoch: 10, batch: 34, loss: 0.0426323264837265
Epoch: 10, batch: 35, loss: 0.03145720809698105
Epoch: 10, batch: 36, loss: 0.056611984968185425
Epoch: 10, batch: 37, loss: 0.06305049359798431
Epoch: 10, batch: 38, loss: 0.05942602828145027
Epoch: 10, batch: 39, loss: 0.05256550759077072
Epoch: 10, batch: 40, loss: 0.06749632209539413
Epoch: 10, batch: 41, loss: 0.05204935744404793
Epoch: 10, batch: 42, loss: 0.03678708150982857
Epoch: 10, batch: 43, loss: 0.04024193808436394
Epoch: 10, batch: 44, loss: 0.06833462417125702
Epoch: 10, batch: 45, loss: 0.072699636220932
Epoch: 10, batch: 46, loss: 0.06148010864853859
Epoch: 10, batch: 47, loss: 0.05753059685230255
Epoch: 10, batch: 48, loss: 0.02797824889421463
Epoch: 10, batch: 49, loss: 0.03601682931184769
Epoch: 10, batch: 50, loss: 0.06012377887964249
Epoch: 10, batch: 51, loss: 0.037219252437353134
Epoch: 10, batch: 52, loss: 0.049773283302783966
Epoch: 10, batch: 53, loss: 0.07680565118789673
Epoch: 10, batch: 54, loss: 0.05373523756861687
Epoch: 10, batch: 55, loss: 0.06749407202005386
Epoch: 10, batch: 56, loss: 0.06276194006204605
Epoch: 10, batch: 57, loss: 0.08069847524166107
Epoch: 11, batch: 0, loss: 0.05316640064120293
Epoch: 11, batch: 1, loss: 0.047319721430540085
Epoch: 11, batch: 2, loss: 0.036291077733039856
Epoch: 11, batch: 3, loss: 0.06539712846279144
Epoch: 11, batch: 4, loss: 0.06153947114944458
Epoch: 11, batch: 5, loss: 0.062253426760435104
Epoch: 11, batch: 6, loss: 0.06060580164194107
Epoch: 11, batch: 7, loss: 0.061857596039772034
Epoch: 11, batch: 8, loss: 0.08337404578924179
Epoch: 11, batch: 9, loss: 0.08209963887929916
Epoch: 11, batch: 10, loss: 0.05214732885360718
Epoch: 11, batch: 11, loss: 0.06274545192718506
Epoch: 11, batch: 12, loss: 0.046062905341386795
Epoch: 11, batch: 13, loss: 0.06010149419307709
Epoch: 11, batch: 14, loss: 0.04903172329068184
Epoch: 11, batch: 15, loss: 0.05782077834010124
Epoch: 11, batch: 16, loss: 0.07689544558525085
Epoch: 11, batch: 17, loss: 0.037674009799957275
Epoch: 11, batch: 18, loss: 0.06994804739952087
Epoch: 11, batch: 19, loss: 0.0702018216252327
Epoch: 11, batch: 20, loss: 0.04647710919380188
Epoch: 11, batch: 21, loss: 0.0515335313975811
Epoch: 11, batch: 22, loss: 0.04177739471197128
Epoch: 11, batch: 23, loss: 0.07005296647548676
Epoch: 11, batch: 24, loss: 0.07703523337841034
Epoch: 11, batch: 25, loss: 0.060678139328956604
Epoch: 11, batch: 26, loss: 0.054150622338056564
Epoch: 11, batch: 27, loss: 0.030664172023534775
Epoch: 11, batch: 28, loss: 0.05598900094628334
Epoch: 11, batch: 29, loss: 0.06204058602452278
Epoch: 11, batch: 30, loss: 0.08011588454246521
Epoch: 11, batch: 31, loss: 0.05118236318230629
Epoch: 11, batch: 32, loss: 0.07315243035554886
Epoch: 11, batch: 33, loss: 0.04731560871005058
Epoch: 11, batch: 34, loss: 0.07858975976705551
Epoch: 11, batch: 35, loss: 0.09943767637014389
Epoch: 11, batch: 36, loss: 0.07343565672636032
Epoch: 11, batch: 37, loss: 0.03939339146018028
Epoch: 11, batch: 38, loss: 0.04528554528951645
Epoch: 11, batch: 39, loss: 0.04850227013230324
Epoch: 11, batch: 40, loss: 0.06348120421171188
Epoch: 11, batch: 41, loss: 0.08457238972187042
Epoch: 11, batch: 42, loss: 0.056335318833589554
Epoch: 11, batch: 43, loss: 0.06324458122253418
Epoch: 11, batch: 44, loss: 0.05695263296365738
Epoch: 11, batch: 45, loss: 0.07822349667549133
Epoch: 11, batch: 46, loss: 0.02870403788983822
Epoch: 11, batch: 47, loss: 0.05525360256433487
Epoch: 11, batch: 48, loss: 0.06917008012533188
Epoch: 11, batch: 49, loss: 0.0671532154083252
Epoch: 11, batch: 50, loss: 0.04539141803979874
Epoch: 11, batch: 51, loss: 0.059385620057582855
Epoch: 11, batch: 52, loss: 0.08066931366920471
Epoch: 11, batch: 53, loss: 0.06032199040055275
Epoch: 11, batch: 54, loss: 0.05504800006747246
Epoch: 11, batch: 55, loss: 0.06218167021870613
Epoch: 11, batch: 56, loss: 0.059331074357032776
Epoch: 11, batch: 57, loss: 0.042565494775772095
Epoch: 12, batch: 0, loss: 0.04951988533139229
Epoch: 12, batch: 1, loss: 0.06445205211639404
Epoch: 12, batch: 2, loss: 0.05478694289922714
Epoch: 12, batch: 3, loss: 0.05332968384027481
Epoch: 12, batch: 4, loss: 0.04434270039200783
Epoch: 12, batch: 5, loss: 0.03914862126111984
Epoch: 12, batch: 6, loss: 0.07148882001638412
Epoch: 12, batch: 7, loss: 0.05053798854351044
Epoch: 12, batch: 8, loss: 0.060210540890693665
Epoch: 12, batch: 9, loss: 0.05272803455591202
Epoch: 12, batch: 10, loss: 0.048888396471738815
Epoch: 12, batch: 11, loss: 0.06256713718175888
Epoch: 12, batch: 12, loss: 0.05002584308385849
Epoch: 12, batch: 13, loss: 0.0588354617357254
Epoch: 12, batch: 14, loss: 0.07416956126689911
Epoch: 12, batch: 15, loss: 0.06512685120105743
Epoch: 12, batch: 16, loss: 0.05133673921227455
Epoch: 12, batch: 17, loss: 0.05590330809354782
Epoch: 12, batch: 18, loss: 0.03212348744273186
Epoch: 12, batch: 19, loss: 0.042808257043361664
Epoch: 12, batch: 20, loss: 0.10099666565656662
Epoch: 12, batch: 21, loss: 0.040828827768564224
Epoch: 12, batch: 22, loss: 0.051106177270412445
Epoch: 12, batch: 23, loss: 0.036258358508348465
Epoch: 12, batch: 24, loss: 0.05195327475667
Epoch: 12, batch: 25, loss: 0.05413869768381119
Epoch: 12, batch: 26, loss: 0.05814431607723236
Epoch: 12, batch: 27, loss: 0.04757136106491089
Epoch: 12, batch: 28, loss: 0.07595182955265045
Epoch: 12, batch: 29, loss: 0.06126037985086441
Epoch: 12, batch: 30, loss: 0.057513318955898285
Epoch: 12, batch: 31, loss: 0.050052039325237274
Epoch: 12, batch: 32, loss: 0.049411073327064514
Epoch: 12, batch: 33, loss: 0.09301792085170746
Epoch: 12, batch: 34, loss: 0.07857505977153778
Epoch: 12, batch: 35, loss: 0.06678301841020584
Epoch: 12, batch: 36, loss: 0.04610196128487587
Epoch: 12, batch: 37, loss: 0.052045196294784546
Epoch: 12, batch: 38, loss: 0.07828773558139801
Epoch: 12, batch: 39, loss: 0.05657191574573517
Epoch: 12, batch: 40, loss: 0.04381673410534859
Epoch: 12, batch: 41, loss: 0.04658510163426399
Epoch: 12, batch: 42, loss: 0.08446700125932693
Epoch: 12, batch: 43, loss: 0.06760044395923615
Epoch: 12, batch: 44, loss: 0.045495130121707916
Epoch: 12, batch: 45, loss: 0.04089949280023575
Epoch: 12, batch: 46, loss: 0.0472690686583519
Epoch: 12, batch: 47, loss: 0.04530884698033333
Epoch: 12, batch: 48, loss: 0.04082652926445007
Epoch: 12, batch: 49, loss: 0.05875305086374283
Epoch: 12, batch: 50, loss: 0.057113051414489746
Epoch: 12, batch: 51, loss: 0.05316445231437683
Epoch: 12, batch: 52, loss: 0.046055275946855545
Epoch: 12, batch: 53, loss: 0.05318523943424225
Epoch: 12, batch: 54, loss: 0.032707635313272476
Epoch: 12, batch: 55, loss: 0.06134187430143356
Epoch: 12, batch: 56, loss: 0.04735814407467842
Epoch: 12, batch: 57, loss: 0.05489839240908623
Epoch: 13, batch: 0, loss: 0.07648801058530807
Epoch: 13, batch: 1, loss: 0.050247080624103546
Epoch: 13, batch: 2, loss: 0.04162914678454399
Epoch: 13, batch: 3, loss: 0.049344319850206375
Epoch: 13, batch: 4, loss: 0.043997976928949356
Epoch: 13, batch: 5, loss: 0.0460175983607769
Epoch: 13, batch: 6, loss: 0.05365210771560669
Epoch: 13, batch: 7, loss: 0.07379621267318726
Epoch: 13, batch: 8, loss: 0.04263841360807419
Epoch: 13, batch: 9, loss: 0.041109178215265274
Epoch: 13, batch: 10, loss: 0.053410854190588
Epoch: 13, batch: 11, loss: 0.04087520018219948
Epoch: 13, batch: 12, loss: 0.03860218822956085
Epoch: 13, batch: 13, loss: 0.05784691125154495
Epoch: 13, batch: 14, loss: 0.0345115028321743
Epoch: 13, batch: 15, loss: 0.03439030051231384
Epoch: 13, batch: 16, loss: 0.09363720566034317
Epoch: 13, batch: 17, loss: 0.053437549620866776
Epoch: 13, batch: 18, loss: 0.04006185755133629
Epoch: 13, batch: 19, loss: 0.05324491113424301
Epoch: 13, batch: 20, loss: 0.052434250712394714
Epoch: 13, batch: 21, loss: 0.055458832532167435
Epoch: 13, batch: 22, loss: 0.077499620616436
Epoch: 13, batch: 23, loss: 0.05084320157766342
Epoch: 13, batch: 24, loss: 0.05832333117723465
Epoch: 13, batch: 25, loss: 0.037180058658123016
Epoch: 13, batch: 26, loss: 0.03334929794073105
Epoch: 13, batch: 27, loss: 0.04152436554431915
Epoch: 13, batch: 28, loss: 0.07004072517156601
Epoch: 13, batch: 29, loss: 0.046318862587213516
Epoch: 13, batch: 30, loss: 0.04480498284101486
Epoch: 13, batch: 31, loss: 0.05714691802859306
Epoch: 13, batch: 32, loss: 0.029058629646897316
Epoch: 13, batch: 33, loss: 0.04655923694372177
Epoch: 13, batch: 34, loss: 0.0442369282245636
Epoch: 13, batch: 35, loss: 0.04104619845747948
Epoch: 13, batch: 36, loss: 0.061451803892850876
Epoch: 13, batch: 37, loss: 0.04273974522948265
Epoch: 13, batch: 38, loss: 0.049137771129608154
Epoch: 13, batch: 39, loss: 0.03303053230047226
Epoch: 13, batch: 40, loss: 0.038049980998039246
Epoch: 13, batch: 41, loss: 0.05599292740225792
Epoch: 13, batch: 42, loss: 0.07172650098800659
Epoch: 13, batch: 43, loss: 0.03738356754183769
Epoch: 13, batch: 44, loss: 0.05462169274687767
Epoch: 13, batch: 45, loss: 0.04706321284174919
Epoch: 13, batch: 46, loss: 0.07358739525079727
Epoch: 13, batch: 47, loss: 0.040048856288194656
Epoch: 13, batch: 48, loss: 0.0505606047809124
Epoch: 13, batch: 49, loss: 0.05472080782055855
Epoch: 13, batch: 50, loss: 0.05451928824186325
Epoch: 13, batch: 51, loss: 0.055439215153455734
Epoch: 13, batch: 52, loss: 0.05073506757616997
Epoch: 13, batch: 53, loss: 0.05713656544685364
Epoch: 13, batch: 54, loss: 0.038236722350120544
Epoch: 13, batch: 55, loss: 0.05058373883366585
Epoch: 13, batch: 56, loss: 0.06266769766807556
Epoch: 13, batch: 57, loss: 0.07083966583013535
Epoch: 14, batch: 0, loss: 0.03338489681482315
Epoch: 14, batch: 1, loss: 0.04691517725586891
Epoch: 14, batch: 2, loss: 0.032870542258024216
Epoch: 14, batch: 3, loss: 0.04159094765782356
Epoch: 14, batch: 4, loss: 0.05610311031341553
Epoch: 14, batch: 5, loss: 0.040720827877521515
Epoch: 14, batch: 6, loss: 0.03553226962685585
Epoch: 14, batch: 7, loss: 0.05450469255447388
Epoch: 14, batch: 8, loss: 0.037266649305820465
Epoch: 14, batch: 9, loss: 0.05301778391003609
Epoch: 14, batch: 10, loss: 0.04722817242145538
Epoch: 14, batch: 11, loss: 0.04395445063710213
Epoch: 14, batch: 12, loss: 0.06321728974580765
Epoch: 14, batch: 13, loss: 0.03669150546193123
Epoch: 14, batch: 14, loss: 0.07331152260303497
Epoch: 14, batch: 15, loss: 0.03389738127589226
Epoch: 14, batch: 16, loss: 0.05064009130001068
Epoch: 14, batch: 17, loss: 0.037825409322977066
Epoch: 14, batch: 18, loss: 0.048227086663246155
Epoch: 14, batch: 19, loss: 0.026875291019678116
Epoch: 14, batch: 20, loss: 0.03788353502750397
Epoch: 14, batch: 21, loss: 0.040004532784223557
Epoch: 14, batch: 22, loss: 0.04881644621491432
Epoch: 14, batch: 23, loss: 0.04145834594964981
Epoch: 14, batch: 24, loss: 0.05448504537343979
Epoch: 14, batch: 25, loss: 0.05492221564054489
Epoch: 14, batch: 26, loss: 0.055710431188344955
Epoch: 14, batch: 27, loss: 0.058573849499225616
Epoch: 14, batch: 28, loss: 0.043135788291692734
Epoch: 14, batch: 29, loss: 0.05449922755360603
Epoch: 14, batch: 30, loss: 0.06746381521224976
Epoch: 14, batch: 31, loss: 0.05861664190888405
Epoch: 14, batch: 32, loss: 0.05984657630324364
Epoch: 14, batch: 33, loss: 0.03646385669708252
Epoch: 14, batch: 34, loss: 0.041781436651945114
Epoch: 14, batch: 35, loss: 0.049832090735435486
Epoch: 14, batch: 36, loss: 0.04868439957499504
Epoch: 14, batch: 37, loss: 0.0666125938296318
Epoch: 14, batch: 38, loss: 0.04673459753394127
Epoch: 14, batch: 39, loss: 0.046173613518476486
Epoch: 14, batch: 40, loss: 0.054938897490501404
Epoch: 14, batch: 41, loss: 0.0561738982796669
Epoch: 14, batch: 42, loss: 0.0770384892821312
Epoch: 14, batch: 43, loss: 0.0455852635204792
Epoch: 14, batch: 44, loss: 0.05083969980478287
Epoch: 14, batch: 45, loss: 0.06074316427111626
Epoch: 14, batch: 46, loss: 0.03820488974452019
Epoch: 14, batch: 47, loss: 0.03879617527127266
Epoch: 14, batch: 48, loss: 0.0512341633439064
Epoch: 14, batch: 49, loss: 0.02949453517794609
Epoch: 14, batch: 50, loss: 0.04356203228235245
Epoch: 14, batch: 51, loss: 0.050414662808179855
Epoch: 14, batch: 52, loss: 0.03868846222758293
Epoch: 14, batch: 53, loss: 0.04674392566084862
Epoch: 14, batch: 54, loss: 0.05917949602007866
Epoch: 14, batch: 55, loss: 0.04897661879658699
Epoch: 14, batch: 56, loss: 0.060983285307884216
Epoch: 14, batch: 57, loss: 0.03474101424217224
Epoch: 15, batch: 0, loss: 0.05027289316058159
Epoch: 15, batch: 1, loss: 0.04400115832686424
Epoch: 15, batch: 2, loss: 0.058553069829940796
Epoch: 15, batch: 3, loss: 0.1046411395072937
Epoch: 15, batch: 4, loss: 0.05533435568213463
Epoch: 15, batch: 5, loss: 0.06509051471948624
Epoch: 15, batch: 6, loss: 0.05759350210428238
Epoch: 15, batch: 7, loss: 0.05521339923143387
Epoch: 15, batch: 8, loss: 0.04236268252134323
Epoch: 15, batch: 9, loss: 0.043174829334020615
Epoch: 15, batch: 10, loss: 0.05383472144603729
Epoch: 15, batch: 11, loss: 0.05265947803854942
Epoch: 15, batch: 12, loss: 0.051783572882413864
Epoch: 15, batch: 13, loss: 0.03826262429356575
Epoch: 15, batch: 14, loss: 0.04102158546447754
Epoch: 15, batch: 15, loss: 0.05104007571935654
Epoch: 15, batch: 16, loss: 0.03147066757082939
Epoch: 15, batch: 17, loss: 0.02091152034699917
Epoch: 15, batch: 18, loss: 0.03372427076101303
Epoch: 15, batch: 19, loss: 0.0440247543156147
Epoch: 15, batch: 20, loss: 0.05647962540388107
Epoch: 15, batch: 21, loss: 0.06023701652884483
Epoch: 15, batch: 22, loss: 0.0436817929148674
Epoch: 15, batch: 23, loss: 0.03548426181077957
Epoch: 15, batch: 24, loss: 0.03260929509997368
Epoch: 15, batch: 25, loss: 0.033660631626844406
Epoch: 15, batch: 26, loss: 0.05516689270734787
Epoch: 15, batch: 27, loss: 0.05710781738162041
Epoch: 15, batch: 28, loss: 0.06823771446943283
Epoch: 15, batch: 29, loss: 0.028327204287052155
Epoch: 15, batch: 30, loss: 0.04692499712109566
Epoch: 15, batch: 31, loss: 0.05078556761145592
Epoch: 15, batch: 32, loss: 0.055716365575790405
Epoch: 15, batch: 33, loss: 0.04231414943933487
Epoch: 15, batch: 34, loss: 0.03698920086026192
Epoch: 15, batch: 35, loss: 0.04055212065577507
Epoch: 15, batch: 36, loss: 0.03321370109915733
Epoch: 15, batch: 37, loss: 0.037363626062870026
Epoch: 15, batch: 38, loss: 0.032182477414608
Epoch: 15, batch: 39, loss: 0.044497959315776825
Epoch: 15, batch: 40, loss: 0.03325615078210831
Epoch: 15, batch: 41, loss: 0.056542232632637024
Epoch: 15, batch: 42, loss: 0.05246539041399956
Epoch: 15, batch: 43, loss: 0.060081642121076584
Epoch: 15, batch: 44, loss: 0.04302435368299484
Epoch: 15, batch: 45, loss: 0.0375547893345356
Epoch: 15, batch: 46, loss: 0.033158283680677414
Epoch: 15, batch: 47, loss: 0.03828960657119751
Epoch: 15, batch: 48, loss: 0.037784118205308914
Epoch: 15, batch: 49, loss: 0.04220576956868172
Epoch: 15, batch: 50, loss: 0.06517136842012405
Epoch: 15, batch: 51, loss: 0.048891887068748474
Epoch: 15, batch: 52, loss: 0.04232456535100937
Epoch: 15, batch: 53, loss: 0.03365670517086983
Epoch: 15, batch: 54, loss: 0.03056730143725872
Epoch: 15, batch: 55, loss: 0.042562276124954224
Epoch: 15, batch: 56, loss: 0.046964261680841446
Epoch: 15, batch: 57, loss: 0.040168795734643936
Epoch: 16, batch: 0, loss: 0.05745431408286095
Epoch: 16, batch: 1, loss: 0.054336272180080414
Epoch: 16, batch: 2, loss: 0.045861706137657166
Epoch: 16, batch: 3, loss: 0.04720764234662056
Epoch: 16, batch: 4, loss: 0.03431308642029762
Epoch: 16, batch: 5, loss: 0.031160935759544373
Epoch: 16, batch: 6, loss: 0.061631180346012115
Epoch: 16, batch: 7, loss: 0.06934528797864914
Epoch: 16, batch: 8, loss: 0.05182346701622009
Epoch: 16, batch: 9, loss: 0.035763923078775406
Epoch: 16, batch: 10, loss: 0.05525161325931549
Epoch: 16, batch: 11, loss: 0.10368648916482925
Epoch: 16, batch: 12, loss: 0.06900271028280258
Epoch: 16, batch: 13, loss: 0.046750470995903015
Epoch: 16, batch: 14, loss: 0.04050251841545105
Epoch: 16, batch: 15, loss: 0.0440668985247612
Epoch: 16, batch: 16, loss: 0.04895355924963951
Epoch: 16, batch: 17, loss: 0.04797361046075821
Epoch: 16, batch: 18, loss: 0.04630042985081673
Epoch: 16, batch: 19, loss: 0.08403466641902924
Epoch: 16, batch: 20, loss: 0.06355790793895721
Epoch: 16, batch: 21, loss: 0.05791053920984268
Epoch: 16, batch: 22, loss: 0.08324842900037766
Epoch: 16, batch: 23, loss: 0.049306437373161316
Epoch: 16, batch: 24, loss: 0.048180751502513885
Epoch: 16, batch: 25, loss: 0.04755527153611183
Epoch: 16, batch: 26, loss: 0.0646485835313797
Epoch: 16, batch: 27, loss: 0.03964003175497055
Epoch: 16, batch: 28, loss: 0.06987133622169495
Epoch: 16, batch: 29, loss: 0.05068119242787361
Epoch: 16, batch: 30, loss: 0.07053753733634949
Epoch: 16, batch: 31, loss: 0.03946729004383087
Epoch: 16, batch: 32, loss: 0.039461858570575714
Epoch: 16, batch: 33, loss: 0.05361292511224747
Epoch: 16, batch: 34, loss: 0.05620411038398743
Epoch: 16, batch: 35, loss: 0.06778193265199661
Epoch: 16, batch: 36, loss: 0.059928975999355316
Epoch: 16, batch: 37, loss: 0.04041988030076027
Epoch: 16, batch: 38, loss: 0.03456950560212135
Epoch: 16, batch: 39, loss: 0.04670504480600357
Epoch: 16, batch: 40, loss: 0.07214438170194626
Epoch: 16, batch: 41, loss: 0.04500152915716171
Epoch: 16, batch: 42, loss: 0.06305553019046783
Epoch: 16, batch: 43, loss: 0.05453672632575035
Epoch: 16, batch: 44, loss: 0.047366634011268616
Epoch: 16, batch: 45, loss: 0.061342645436525345
Epoch: 16, batch: 46, loss: 0.048816561698913574
Epoch: 16, batch: 47, loss: 0.08163116127252579
Epoch: 16, batch: 48, loss: 0.0939645916223526
Epoch: 16, batch: 49, loss: 0.04134398698806763
Epoch: 16, batch: 50, loss: 0.04091993719339371
Epoch: 16, batch: 51, loss: 0.05234140157699585
Epoch: 16, batch: 52, loss: 0.06251271069049835
Epoch: 16, batch: 53, loss: 0.04737504944205284
Epoch: 16, batch: 54, loss: 0.05136954411864281
Epoch: 16, batch: 55, loss: 0.04561072215437889
Epoch: 16, batch: 56, loss: 0.0357472226023674
Epoch: 16, batch: 57, loss: 0.03353061154484749
Epoch: 17, batch: 0, loss: 0.04928221181035042
Epoch: 17, batch: 1, loss: 0.04123120754957199
Epoch: 17, batch: 2, loss: 0.04209456592798233
Epoch: 17, batch: 3, loss: 0.05550030991435051
Epoch: 17, batch: 4, loss: 0.05243666097521782
Epoch: 17, batch: 5, loss: 0.058053262531757355
Epoch: 17, batch: 6, loss: 0.04316285252571106
Epoch: 17, batch: 7, loss: 0.07087147235870361
Epoch: 17, batch: 8, loss: 0.032326340675354004
Epoch: 17, batch: 9, loss: 0.04359026253223419
Epoch: 17, batch: 10, loss: 0.05451691523194313
Epoch: 17, batch: 11, loss: 0.05236604064702988
Epoch: 17, batch: 12, loss: 0.057227760553359985
Epoch: 17, batch: 13, loss: 0.04377984255552292
Epoch: 17, batch: 14, loss: 0.06846735626459122
Epoch: 17, batch: 15, loss: 0.04172098636627197
Epoch: 17, batch: 16, loss: 0.03863445296883583
Epoch: 17, batch: 17, loss: 0.03832719102501869
Epoch: 17, batch: 18, loss: 0.04051355645060539
Epoch: 17, batch: 19, loss: 0.036357998847961426
Epoch: 17, batch: 20, loss: 0.0710780918598175
Epoch: 17, batch: 21, loss: 0.05645701661705971
Epoch: 17, batch: 22, loss: 0.05850013718008995
Epoch: 17, batch: 23, loss: 0.03600499406456947
Epoch: 17, batch: 24, loss: 0.03623294085264206
Epoch: 17, batch: 25, loss: 0.029937807470560074
Epoch: 17, batch: 26, loss: 0.05317889153957367
Epoch: 17, batch: 27, loss: 0.05338665097951889
Epoch: 17, batch: 28, loss: 0.049691639840602875
Epoch: 17, batch: 29, loss: 0.04216405004262924
Epoch: 17, batch: 30, loss: 0.0618688203394413
Epoch: 17, batch: 31, loss: 0.03470945358276367
Epoch: 17, batch: 32, loss: 0.05196637660264969
Epoch: 17, batch: 33, loss: 0.040430814027786255
Epoch: 17, batch: 34, loss: 0.027666602283716202
Epoch: 17, batch: 35, loss: 0.049588948488235474
Epoch: 17, batch: 36, loss: 0.06591010838747025
Epoch: 17, batch: 37, loss: 0.04229467362165451
Epoch: 17, batch: 38, loss: 0.05029207840561867
Epoch: 17, batch: 39, loss: 0.04672766104340553
Epoch: 17, batch: 40, loss: 0.04500342532992363
Epoch: 17, batch: 41, loss: 0.058460891246795654
Epoch: 17, batch: 42, loss: 0.04246900975704193
Epoch: 17, batch: 43, loss: 0.03928927704691887
Epoch: 17, batch: 44, loss: 0.045360956341028214
Epoch: 17, batch: 45, loss: 0.04342009499669075
Epoch: 17, batch: 46, loss: 0.04878092557191849
Epoch: 17, batch: 47, loss: 0.03892650827765465
Epoch: 17, batch: 48, loss: 0.041986312717199326
Epoch: 17, batch: 49, loss: 0.04133057966828346
Epoch: 17, batch: 50, loss: 0.03766957297921181
Epoch: 17, batch: 51, loss: 0.04430408030748367
Epoch: 17, batch: 52, loss: 0.06481720507144928
Epoch: 17, batch: 53, loss: 0.0374092236161232
Epoch: 17, batch: 54, loss: 0.037350524216890335
Epoch: 17, batch: 55, loss: 0.03609694913029671
Epoch: 17, batch: 56, loss: 0.046412382274866104
Epoch: 17, batch: 57, loss: 0.023494170978665352
Epoch: 18, batch: 0, loss: 0.054722514003515244
Epoch: 18, batch: 1, loss: 0.041372593492269516
Epoch: 18, batch: 2, loss: 0.048342954367399216
Epoch: 18, batch: 3, loss: 0.047519560903310776
Epoch: 18, batch: 4, loss: 0.04135816916823387
Epoch: 18, batch: 5, loss: 0.02586899884045124
Epoch: 18, batch: 6, loss: 0.06293320655822754
Epoch: 18, batch: 7, loss: 0.03340720385313034
Epoch: 18, batch: 8, loss: 0.042723871767520905
Epoch: 18, batch: 9, loss: 0.04462342709302902
Epoch: 18, batch: 10, loss: 0.03576619178056717
Epoch: 18, batch: 11, loss: 0.04891244322061539
Epoch: 18, batch: 12, loss: 0.04802485555410385
Epoch: 18, batch: 13, loss: 0.05270648002624512
Epoch: 18, batch: 14, loss: 0.05499362200498581
Epoch: 18, batch: 15, loss: 0.03599904477596283
Epoch: 18, batch: 16, loss: 0.04687260836362839
Epoch: 18, batch: 17, loss: 0.04878725856542587
Epoch: 18, batch: 18, loss: 0.04516901075839996
Epoch: 18, batch: 19, loss: 0.0449666827917099
Epoch: 18, batch: 20, loss: 0.03894709423184395
Epoch: 18, batch: 21, loss: 0.05943415313959122
Epoch: 18, batch: 22, loss: 0.050801411271095276
Epoch: 18, batch: 23, loss: 0.0381975956261158
Epoch: 18, batch: 24, loss: 0.037200864404439926
Epoch: 18, batch: 25, loss: 0.04799985513091087
Epoch: 18, batch: 26, loss: 0.025660503655672073
Epoch: 18, batch: 27, loss: 0.038539592176675797
Epoch: 18, batch: 28, loss: 0.03264063969254494
Epoch: 18, batch: 29, loss: 0.03838314861059189
Epoch: 18, batch: 30, loss: 0.060212112963199615
Epoch: 18, batch: 31, loss: 0.024561991915106773
Epoch: 18, batch: 32, loss: 0.05925450474023819
Epoch: 18, batch: 33, loss: 0.05543292686343193
Epoch: 18, batch: 34, loss: 0.030869072303175926
Epoch: 18, batch: 35, loss: 0.07515132427215576
Epoch: 18, batch: 36, loss: 0.03592567518353462
Epoch: 18, batch: 37, loss: 0.04478592425584793
Epoch: 18, batch: 38, loss: 0.04617783799767494
Epoch: 18, batch: 39, loss: 0.04693134129047394
Epoch: 18, batch: 40, loss: 0.04005639627575874
Epoch: 18, batch: 41, loss: 0.04317266494035721
Epoch: 18, batch: 42, loss: 0.05343299359083176
Epoch: 18, batch: 43, loss: 0.034152742475271225
Epoch: 18, batch: 44, loss: 0.04703013226389885
Epoch: 18, batch: 45, loss: 0.0335867814719677
Epoch: 18, batch: 46, loss: 0.03807640075683594
Epoch: 18, batch: 47, loss: 0.029155930504202843
Epoch: 18, batch: 48, loss: 0.03620189428329468
Epoch: 18, batch: 49, loss: 0.023103797808289528
Epoch: 18, batch: 50, loss: 0.03637625277042389
Epoch: 18, batch: 51, loss: 0.05094529315829277
Epoch: 18, batch: 52, loss: 0.04140518605709076
Epoch: 18, batch: 53, loss: 0.04554443061351776
Epoch: 18, batch: 54, loss: 0.04246878623962402
Epoch: 18, batch: 55, loss: 0.03614901378750801
Epoch: 18, batch: 56, loss: 0.057475969195365906
Epoch: 18, batch: 57, loss: 0.0330909825861454
Epoch: 19, batch: 0, loss: 0.034255221486091614
Epoch: 19, batch: 1, loss: 0.03574743866920471
Epoch: 19, batch: 2, loss: 0.0452495776116848
Epoch: 19, batch: 3, loss: 0.04318055883049965
Epoch: 19, batch: 4, loss: 0.029681602492928505
Epoch: 19, batch: 5, loss: 0.048359569162130356
Epoch: 19, batch: 6, loss: 0.05714369937777519
Epoch: 19, batch: 7, loss: 0.03859243541955948
Epoch: 19, batch: 8, loss: 0.04753916338086128
Epoch: 19, batch: 9, loss: 0.047789353877305984
Epoch: 19, batch: 10, loss: 0.046285439282655716
Epoch: 19, batch: 11, loss: 0.03485671430826187
Epoch: 19, batch: 12, loss: 0.056185606867074966
Epoch: 19, batch: 13, loss: 0.04691217094659805
Epoch: 19, batch: 14, loss: 0.03708396479487419
Epoch: 19, batch: 15, loss: 0.056296590715646744
Epoch: 19, batch: 16, loss: 0.030901364982128143
Epoch: 19, batch: 17, loss: 0.032563112676143646
Epoch: 19, batch: 18, loss: 0.03277109935879707
Epoch: 19, batch: 19, loss: 0.029116934165358543
Epoch: 19, batch: 20, loss: 0.04237114638090134
Epoch: 19, batch: 21, loss: 0.03172237426042557
Epoch: 19, batch: 22, loss: 0.06034911423921585
Epoch: 19, batch: 23, loss: 0.03814059868454933
Epoch: 19, batch: 24, loss: 0.036725740879774094
Epoch: 19, batch: 25, loss: 0.032879725098609924
Epoch: 19, batch: 26, loss: 0.04492975398898125
Epoch: 19, batch: 27, loss: 0.03417326882481575
Epoch: 19, batch: 28, loss: 0.0678727924823761
Epoch: 19, batch: 29, loss: 0.03155900537967682
Epoch: 19, batch: 30, loss: 0.043009523302316666
Epoch: 19, batch: 31, loss: 0.04250943660736084
Epoch: 19, batch: 32, loss: 0.0374605730175972
Epoch: 19, batch: 33, loss: 0.04562138020992279
Epoch: 19, batch: 34, loss: 0.0455593578517437
Epoch: 19, batch: 35, loss: 0.04154291749000549
Epoch: 19, batch: 36, loss: 0.03542516753077507
Epoch: 19, batch: 37, loss: 0.04037076234817505
Epoch: 19, batch: 38, loss: 0.03697675094008446
Epoch: 19, batch: 39, loss: 0.03480296581983566
Epoch: 19, batch: 40, loss: 0.06182389333844185
Epoch: 19, batch: 41, loss: 0.04298311844468117
Epoch: 19, batch: 42, loss: 0.045764703303575516
Epoch: 19, batch: 43, loss: 0.032920073717832565
Epoch: 19, batch: 44, loss: 0.024956293404102325
Epoch: 19, batch: 45, loss: 0.025532132014632225
Epoch: 19, batch: 46, loss: 0.04754600301384926
Epoch: 19, batch: 47, loss: 0.030425939708948135
Epoch: 19, batch: 48, loss: 0.036109454929828644
Epoch: 19, batch: 49, loss: 0.054798465222120285
Epoch: 19, batch: 50, loss: 0.05041404813528061
Epoch: 19, batch: 51, loss: 0.04387740418314934
Epoch: 19, batch: 52, loss: 0.0440545529127121
Epoch: 19, batch: 53, loss: 0.030514832586050034
Epoch: 19, batch: 54, loss: 0.06073442101478577
Epoch: 19, batch: 55, loss: 0.039167292416095734
Epoch: 19, batch: 56, loss: 0.039987269788980484
Epoch: 19, batch: 57, loss: 0.05207868665456772
Epoch: 20, batch: 0, loss: 0.044651325792074203
Epoch: 20, batch: 1, loss: 0.05230535566806793
Epoch: 20, batch: 2, loss: 0.05483916774392128
Epoch: 20, batch: 3, loss: 0.050958260893821716
Epoch: 20, batch: 4, loss: 0.02533033676445484
Epoch: 20, batch: 5, loss: 0.031672295182943344
Epoch: 20, batch: 6, loss: 0.0363575741648674
Epoch: 20, batch: 7, loss: 0.0465460941195488
Epoch: 20, batch: 8, loss: 0.028598878532648087
Epoch: 20, batch: 9, loss: 0.02500823512673378
Epoch: 20, batch: 10, loss: 0.050318021327257156
Epoch: 20, batch: 11, loss: 0.036458805203437805
Epoch: 20, batch: 12, loss: 0.03763648122549057
Epoch: 20, batch: 13, loss: 0.03094169870018959
Epoch: 20, batch: 14, loss: 0.046295542269945145
Epoch: 20, batch: 15, loss: 0.04437221959233284
Epoch: 20, batch: 16, loss: 0.03830176219344139
Epoch: 20, batch: 17, loss: 0.034165818244218826
Epoch: 20, batch: 18, loss: 0.028724873438477516
Epoch: 20, batch: 19, loss: 0.056082483381032944
Epoch: 20, batch: 20, loss: 0.0371951200067997
Epoch: 20, batch: 21, loss: 0.040859345346689224
Epoch: 20, batch: 22, loss: 0.044049713760614395
Epoch: 20, batch: 23, loss: 0.03192594274878502
Epoch: 20, batch: 24, loss: 0.05785152316093445
Epoch: 20, batch: 25, loss: 0.040229205042123795
Epoch: 20, batch: 26, loss: 0.04047626629471779
Epoch: 20, batch: 27, loss: 0.02737419307231903
Epoch: 20, batch: 28, loss: 0.030595500022172928
Epoch: 20, batch: 29, loss: 0.031901340931653976
Epoch: 20, batch: 30, loss: 0.04452362656593323
Epoch: 20, batch: 31, loss: 0.02928621880710125
Epoch: 20, batch: 32, loss: 0.035413194447755814
Epoch: 20, batch: 33, loss: 0.028124649077653885
Epoch: 20, batch: 34, loss: 0.037798140197992325
Epoch: 20, batch: 35, loss: 0.041062336415052414
Epoch: 20, batch: 36, loss: 0.0361793115735054
Epoch: 20, batch: 37, loss: 0.04110587015748024
Epoch: 20, batch: 38, loss: 0.049133140593767166
Epoch: 20, batch: 39, loss: 0.048863332718610764
Epoch: 20, batch: 40, loss: 0.023111583665013313
Epoch: 20, batch: 41, loss: 0.05394221469759941
Epoch: 20, batch: 42, loss: 0.023874633014202118
Epoch: 20, batch: 43, loss: 0.045812979340553284
Epoch: 20, batch: 44, loss: 0.04175195097923279
Epoch: 20, batch: 45, loss: 0.05573742836713791
Epoch: 20, batch: 46, loss: 0.04327058419585228
Epoch: 20, batch: 47, loss: 0.056492846459150314
Epoch: 20, batch: 48, loss: 0.022682828828692436
Epoch: 20, batch: 49, loss: 0.033477380871772766
Epoch: 20, batch: 50, loss: 0.04411102831363678
Epoch: 20, batch: 51, loss: 0.028630897402763367
Epoch: 20, batch: 52, loss: 0.037925876677036285
Epoch: 20, batch: 53, loss: 0.045497406274080276
Epoch: 20, batch: 54, loss: 0.032472796738147736
Epoch: 20, batch: 55, loss: 0.028105920180678368
Epoch: 20, batch: 56, loss: 0.02957835979759693
Epoch: 20, batch: 57, loss: 0.022153016179800034
Epoch: 21, batch: 0, loss: 0.01937680132687092
Epoch: 21, batch: 1, loss: 0.025182677432894707
Epoch: 21, batch: 2, loss: 0.04206354543566704
Epoch: 21, batch: 3, loss: 0.06863374263048172
Epoch: 21, batch: 4, loss: 0.025730105116963387
Epoch: 21, batch: 5, loss: 0.04006027802824974
Epoch: 21, batch: 6, loss: 0.03552217036485672
Epoch: 21, batch: 7, loss: 0.035649459809064865
Epoch: 21, batch: 8, loss: 0.03407769650220871
Epoch: 21, batch: 9, loss: 0.04552392289042473
Epoch: 21, batch: 10, loss: 0.05746346712112427
Epoch: 21, batch: 11, loss: 0.042899150401353836
Epoch: 21, batch: 12, loss: 0.03982667997479439
Epoch: 21, batch: 13, loss: 0.026916516944766045
Epoch: 21, batch: 14, loss: 0.04955790936946869
Epoch: 21, batch: 15, loss: 0.029476599767804146
Epoch: 21, batch: 16, loss: 0.02668781392276287
Epoch: 21, batch: 17, loss: 0.021377939730882645
Epoch: 21, batch: 18, loss: 0.05011503025889397
Epoch: 21, batch: 19, loss: 0.03830265253782272
Epoch: 21, batch: 20, loss: 0.04090539366006851
Epoch: 21, batch: 21, loss: 0.032993484288454056
Epoch: 21, batch: 22, loss: 0.04739324748516083
Epoch: 21, batch: 23, loss: 0.03668047860264778
Epoch: 21, batch: 24, loss: 0.02663549967110157
Epoch: 21, batch: 25, loss: 0.025562306866049767
Epoch: 21, batch: 26, loss: 0.034455105662345886
Epoch: 21, batch: 27, loss: 0.052482880651950836
Epoch: 21, batch: 28, loss: 0.05790795758366585
Epoch: 21, batch: 29, loss: 0.030056947842240334
Epoch: 21, batch: 30, loss: 0.03199220076203346
Epoch: 21, batch: 31, loss: 0.03620169311761856
Epoch: 21, batch: 32, loss: 0.032474640756845474
Epoch: 21, batch: 33, loss: 0.043668877333402634
Epoch: 21, batch: 34, loss: 0.021731961518526077
Epoch: 21, batch: 35, loss: 0.035213638097047806
Epoch: 21, batch: 36, loss: 0.035972416400909424
Epoch: 21, batch: 37, loss: 0.03035718947649002
Epoch: 21, batch: 38, loss: 0.03612072393298149
Epoch: 21, batch: 39, loss: 0.02394026704132557
Epoch: 21, batch: 40, loss: 0.03521725535392761
Epoch: 21, batch: 41, loss: 0.05318928137421608
Epoch: 21, batch: 42, loss: 0.04304908961057663
Epoch: 21, batch: 43, loss: 0.045851632952690125
Epoch: 21, batch: 44, loss: 0.03644939512014389
Epoch: 21, batch: 45, loss: 0.04655789956450462
Epoch: 21, batch: 46, loss: 0.04076279699802399
Epoch: 21, batch: 47, loss: 0.03985510766506195
Epoch: 21, batch: 48, loss: 0.03964060917496681
Epoch: 21, batch: 49, loss: 0.03272976726293564
Epoch: 21, batch: 50, loss: 0.034463781863451004
Epoch: 21, batch: 51, loss: 0.0280804131180048
Epoch: 21, batch: 52, loss: 0.03335009142756462
Epoch: 21, batch: 53, loss: 0.03948157653212547
Epoch: 21, batch: 54, loss: 0.031037231907248497
Epoch: 21, batch: 55, loss: 0.03891115263104439
Epoch: 21, batch: 56, loss: 0.03869488090276718
Epoch: 21, batch: 57, loss: 0.0316220186650753
Epoch: 22, batch: 0, loss: 0.02908444218337536
Epoch: 22, batch: 1, loss: 0.031937696039676666
Epoch: 22, batch: 2, loss: 0.024940837174654007
Epoch: 22, batch: 3, loss: 0.03342384099960327
Epoch: 22, batch: 4, loss: 0.026546934619545937
Epoch: 22, batch: 5, loss: 0.03897903114557266
Epoch: 22, batch: 6, loss: 0.04874246194958687
Epoch: 22, batch: 7, loss: 0.03852056711912155
Epoch: 22, batch: 8, loss: 0.038770902901887894
Epoch: 22, batch: 9, loss: 0.050364673137664795
Epoch: 22, batch: 10, loss: 0.03225446864962578
Epoch: 22, batch: 11, loss: 0.04706861078739166
Epoch: 22, batch: 12, loss: 0.036711741238832474
Epoch: 22, batch: 13, loss: 0.03453829512000084
Epoch: 22, batch: 14, loss: 0.03668113425374031
Epoch: 22, batch: 15, loss: 0.03156304359436035
Epoch: 22, batch: 16, loss: 0.02987242490053177
Epoch: 22, batch: 17, loss: 0.02688470482826233
Epoch: 22, batch: 18, loss: 0.031811460852622986
Epoch: 22, batch: 19, loss: 0.024683106690645218
Epoch: 22, batch: 20, loss: 0.047565530985593796
Epoch: 22, batch: 21, loss: 0.05006062239408493
Epoch: 22, batch: 22, loss: 0.03239559754729271
Epoch: 22, batch: 23, loss: 0.03809361532330513
Epoch: 22, batch: 24, loss: 0.04448831081390381
Epoch: 22, batch: 25, loss: 0.03726079314947128
Epoch: 22, batch: 26, loss: 0.04628942906856537
Epoch: 22, batch: 27, loss: 0.03862718120217323
Epoch: 22, batch: 28, loss: 0.03262122720479965
Epoch: 22, batch: 29, loss: 0.031774815171957016
Epoch: 22, batch: 30, loss: 0.04658710956573486
Epoch: 22, batch: 31, loss: 0.031880784779787064
Epoch: 22, batch: 32, loss: 0.02829235978424549
Epoch: 22, batch: 33, loss: 0.02155609428882599
Epoch: 22, batch: 34, loss: 0.04463895410299301
Epoch: 22, batch: 35, loss: 0.0377921424806118
Epoch: 22, batch: 36, loss: 0.0551602765917778
Epoch: 22, batch: 37, loss: 0.04832003265619278
Epoch: 22, batch: 38, loss: 0.028335683047771454
Epoch: 22, batch: 39, loss: 0.035009000450372696
Epoch: 22, batch: 40, loss: 0.030055146664381027
Epoch: 22, batch: 41, loss: 0.03647523745894432
Epoch: 22, batch: 42, loss: 0.04712633416056633
Epoch: 22, batch: 43, loss: 0.029290076345205307
Epoch: 22, batch: 44, loss: 0.020761771127581596
Epoch: 22, batch: 45, loss: 0.027131643146276474
Epoch: 22, batch: 46, loss: 0.04089135676622391
Epoch: 22, batch: 47, loss: 0.04395681992173195
Epoch: 22, batch: 48, loss: 0.05035368353128433
Epoch: 22, batch: 49, loss: 0.04155425727367401
Epoch: 22, batch: 50, loss: 0.02166672982275486
Epoch: 22, batch: 51, loss: 0.024754635989665985
Epoch: 22, batch: 52, loss: 0.054722487926483154
Epoch: 22, batch: 53, loss: 0.03776811808347702
Epoch: 22, batch: 54, loss: 0.03704958036541939
Epoch: 22, batch: 55, loss: 0.045612480491399765
Epoch: 22, batch: 56, loss: 0.03734275698661804
Epoch: 22, batch: 57, loss: 0.0411510244011879
Epoch: 23, batch: 0, loss: 0.039329901337623596
Epoch: 23, batch: 1, loss: 0.046472158282995224
Epoch: 23, batch: 2, loss: 0.04615197703242302
Epoch: 23, batch: 3, loss: 0.029094479978084564
Epoch: 23, batch: 4, loss: 0.03741515427827835
Epoch: 23, batch: 5, loss: 0.04580067843198776
Epoch: 23, batch: 6, loss: 0.03704176843166351
Epoch: 23, batch: 7, loss: 0.03868307173252106
Epoch: 23, batch: 8, loss: 0.03489033877849579
Epoch: 23, batch: 9, loss: 0.04549789801239967
Epoch: 23, batch: 10, loss: 0.028747903183102608
Epoch: 23, batch: 11, loss: 0.05048426240682602
Epoch: 23, batch: 12, loss: 0.05403289943933487
Epoch: 23, batch: 13, loss: 0.02821454592049122
Epoch: 23, batch: 14, loss: 0.03587222471833229
Epoch: 23, batch: 15, loss: 0.02670971490442753
Epoch: 23, batch: 16, loss: 0.0473773255944252
Epoch: 23, batch: 17, loss: 0.03716685622930527
Epoch: 23, batch: 18, loss: 0.025424478575587273
Epoch: 23, batch: 19, loss: 0.028453119099140167
Epoch: 23, batch: 20, loss: 0.03012089431285858
Epoch: 23, batch: 21, loss: 0.019456885755062103
Epoch: 23, batch: 22, loss: 0.041309256106615067
Epoch: 23, batch: 23, loss: 0.04238807410001755
Epoch: 23, batch: 24, loss: 0.03187974914908409
Epoch: 23, batch: 25, loss: 0.04186878353357315
Epoch: 23, batch: 26, loss: 0.04833201318979263
Epoch: 23, batch: 27, loss: 0.03352953493595123
Epoch: 23, batch: 28, loss: 0.03113364800810814
Epoch: 23, batch: 29, loss: 0.03420053422451019
Epoch: 23, batch: 30, loss: 0.03938914090394974
Epoch: 23, batch: 31, loss: 0.03610020875930786
Epoch: 23, batch: 32, loss: 0.03866247087717056
Epoch: 23, batch: 33, loss: 0.040712274610996246
Epoch: 23, batch: 34, loss: 0.033659644424915314
Epoch: 23, batch: 35, loss: 0.026917535811662674
Epoch: 23, batch: 36, loss: 0.035056937485933304
Epoch: 23, batch: 37, loss: 0.025635184720158577
Epoch: 23, batch: 38, loss: 0.030442818999290466
Epoch: 23, batch: 39, loss: 0.03655961528420448
Epoch: 23, batch: 40, loss: 0.02657637931406498
Epoch: 23, batch: 41, loss: 0.022473696619272232
Epoch: 23, batch: 42, loss: 0.03200606256723404
Epoch: 23, batch: 43, loss: 0.03255172073841095
Epoch: 23, batch: 44, loss: 0.0415329746901989
Epoch: 23, batch: 45, loss: 0.02664000727236271
Epoch: 23, batch: 46, loss: 0.02838837541639805
Epoch: 23, batch: 47, loss: 0.024304131045937538
Epoch: 23, batch: 48, loss: 0.03199836611747742
Epoch: 23, batch: 49, loss: 0.03973481431603432
Epoch: 23, batch: 50, loss: 0.03351026773452759
Epoch: 23, batch: 51, loss: 0.030226608738303185
Epoch: 23, batch: 52, loss: 0.03842099756002426
Epoch: 23, batch: 53, loss: 0.030702508985996246
Epoch: 23, batch: 54, loss: 0.05323027819395065
Epoch: 23, batch: 55, loss: 0.020048918202519417
Epoch: 23, batch: 56, loss: 0.039050836116075516
Epoch: 23, batch: 57, loss: 0.03576241433620453
Epoch: 24, batch: 0, loss: 0.027629513293504715
Epoch: 24, batch: 1, loss: 0.04444625973701477
Epoch: 24, batch: 2, loss: 0.055412884801626205
Epoch: 24, batch: 3, loss: 0.049147721379995346
Epoch: 24, batch: 4, loss: 0.025065524503588676
Epoch: 24, batch: 5, loss: 0.03938447684049606
Epoch: 24, batch: 6, loss: 0.04742308706045151
Epoch: 24, batch: 7, loss: 0.04497573897242546
Epoch: 24, batch: 8, loss: 0.02638973854482174
Epoch: 24, batch: 9, loss: 0.033157531172037125
Epoch: 24, batch: 10, loss: 0.03735468164086342
Epoch: 24, batch: 11, loss: 0.033512573689222336
Epoch: 24, batch: 12, loss: 0.03233686834573746
Epoch: 24, batch: 13, loss: 0.04222908988595009
Epoch: 24, batch: 14, loss: 0.024205107241868973
Epoch: 24, batch: 15, loss: 0.050194039940834045
Epoch: 24, batch: 16, loss: 0.033202797174453735
Epoch: 24, batch: 17, loss: 0.048961762338876724
Epoch: 24, batch: 18, loss: 0.029460979625582695
Epoch: 24, batch: 19, loss: 0.028056513518095016
Epoch: 24, batch: 20, loss: 0.02696724236011505
Epoch: 24, batch: 21, loss: 0.04155854880809784
Epoch: 24, batch: 22, loss: 0.032330624759197235
Epoch: 24, batch: 23, loss: 0.035919200628995895
Epoch: 24, batch: 24, loss: 0.035252705216407776
Epoch: 24, batch: 25, loss: 0.04264083877205849
Epoch: 24, batch: 26, loss: 0.022238217294216156
Epoch: 24, batch: 27, loss: 0.03322797268629074
Epoch: 24, batch: 28, loss: 0.0325189046561718
Epoch: 24, batch: 29, loss: 0.02862846851348877
Epoch: 24, batch: 30, loss: 0.03292407840490341
Epoch: 24, batch: 31, loss: 0.04210642725229263
Epoch: 24, batch: 32, loss: 0.037144795060157776
Epoch: 24, batch: 33, loss: 0.034413110464811325
Epoch: 24, batch: 34, loss: 0.026816053315997124
Epoch: 24, batch: 35, loss: 0.037775568664073944
Epoch: 24, batch: 36, loss: 0.042612843215465546
Epoch: 24, batch: 37, loss: 0.03399068862199783
Epoch: 24, batch: 38, loss: 0.03314991295337677
Epoch: 24, batch: 39, loss: 0.039565593004226685
Epoch: 24, batch: 40, loss: 0.03432144597172737
Epoch: 24, batch: 41, loss: 0.031675271689891815
Epoch: 24, batch: 42, loss: 0.03219284489750862
Epoch: 24, batch: 43, loss: 0.02731735073029995
Epoch: 24, batch: 44, loss: 0.025312410667538643
Epoch: 24, batch: 45, loss: 0.0241974126547575
Epoch: 24, batch: 46, loss: 0.037113212049007416
Epoch: 24, batch: 47, loss: 0.028739603236317635
Epoch: 24, batch: 48, loss: 0.03674354404211044
Epoch: 24, batch: 49, loss: 0.03363973647356033
Epoch: 24, batch: 50, loss: 0.044565349817276
Epoch: 24, batch: 51, loss: 0.026439068838953972
Epoch: 24, batch: 52, loss: 0.04067610576748848
Epoch: 24, batch: 53, loss: 0.027980852872133255
Epoch: 24, batch: 54, loss: 0.03252774104475975
Epoch: 24, batch: 55, loss: 0.028687722980976105
Epoch: 24, batch: 56, loss: 0.02725418284535408
Epoch: 24, batch: 57, loss: 0.021468695253133774
